2,2,7,0.5
2,3,7,0.5
2,4,7,0.5
2,5,7,0.5
2,6,7,0.5
2,7,7,0.578125
2,8,7,0.5373869836400995
2,9,7,0.6171875
2,10,7,0.5502677300281376
2,11,7,0.6009386843877894
2,12,7,0.5574691499225479
2,13,7,0.5981522262635446
2,14,7,0.5792100416665102
2,15,7,0.6011343514512109
2,16,7,0.5893716228931901
2,17,7,0.5972102163591799
2,18,7,0.5850836079181162
2,19,7,0.5952067056807044
2,20,7,0.5861214551485905
2,21,7,0.6072159026016213
2,22,7,0.5880368484820515
2,23,7,0.6133744892538373
2,24,7,0.5862662419692521
2,25,7,0.6025166279832741
2,26,7,0.5857950386154631
2,27,7,0.6017900082091067
2,28,7,0.5918005612992249
2,29,7,0.6047456070046595
2,30,7,0.5947568803458709
2,31,7,0.6013218507999903
2,32,7,0.5903600076103602
2,33,7,0.5995904994325927
2,34,7,0.5910991953955022
2,35,7,0.6088331727314891
2,36,7,0.5927617628506933
2,37,7,0.6121175992748328
2,38,7,0.5911186418583403
2,39,7,0.6035027994536474
2,40,7,0.5904921526587283
2,41,7,0.6034047024453713
2,42,7,0.5954999210391794
2,43,7,0.6061197009694594
2,44,7,0.5972551441379802
2,45,7,0.6030683407430004
2,46,7,0.5931701540872671
2,47,7,0.6015476404689843
2,48,7,0.5938124522449918
2,49,7,0.6092755083775572
2,50,7,0.5952900919145434
2,51,7,0.6114870969300251
2,52,7,0.5937933026074947
2,53,7,0.6041642779370228
2,54,7,0.5931414400470252
2,55,7,0.6043297742044463
2,56,7,0.5975413720553515
2,57,7,0.6068394015103258
2,58,7,0.5987755028806856
2,59,7,0.6040609948241857
2,60,7,0.5949929256494314
2,61,7,0.6026930426259591
2,62,7,0.5955816501903863
2,63,7,0.6094461240037861
2,64,7,0.596926263429841
2,65,7,0.6111042041341163
2,66,7,0.5955483804507716
2,67,7,0.6046411913470041
2,68,7,0.5949044269204135
2,69,7,0.604938328764075
2,70,7,0.5988812656100223
2,71,7,0.6072813959993043
2,72,7,0.5998260863512892
2,73,7,0.6047123931263523
2,74,7,0.5962999818993402
2,75,7,0.6034598731667656
2,76,7,0.5968518005734552
2,77,7,0.6095224199466588
2,78,7,0.5980954702548633
2,79,7,0.6108448454604144
2,80,7,0.5968131907731008
2,81,7,0.6050043026569962
2,82,7,0.5961870005110288
2,83,7,0.6053739354336909
2,84,7,0.5998464511745949
2,85,7,0.6075801805873966
2,86,7,0.6006083198747149
2,87,7,0.6051781415966252
2,88,7,0.5972970513945505
2,89,7,0.6040163669437663
2,90,7,0.5978205649806763
2,91,7,0.6095583800624486
2,92,7,0.5989842532944952
2,93,7,0.6106563261141129
2,94,7,0.5977802708273671
2,95,7,0.6052921050333805
2,96,7,0.5971743903183548
2,97,7,0.6057039019127262
2,98,7,0.6005839139821452
2,99,7,0.6077955687238235
2,100,7,0.6012201908135169
2,101,7,0.605530680356367
2,102,7,0.598090447336216
2,103,7,0.604442523435657
2,104,7,0.5985909217957835
2,105,7,0.6095747815822719
2,106,7,0.5996891468743656
2,107,7,0.610512382839888
2,108,7,0.598550600892931
2,109,7,0.6055272417313535
2,110,7,0.5979649987363858
2,111,7,0.6059641710889193
2,112,7,0.6011708708272157
2,113,7,0.6079581660883451
2,114,7,0.6017158850989615
2,115,7,0.6058085812957557
2,116,7,0.5987414680403854
2,117,7,0.604781645086202
2,118,7,0.5992224898953767
2,119,7,0.6095809024682799
2,120,7,0.6002657909869291
2,121,7,0.6103984158815567
2,122,7,0.5991829227080074
2,123,7,0.6057239249725797
2,124,7,0.5986166339490392
2,125,7,0.6061757878376557
2,126,7,0.6016522785196783
2,127,7,0.6080852463003512
2,128,7,0.6021281402320486
2,129,7,0.6060343998417408
2,130,7,0.5992883011238155
2,131,7,0.6050593915780705
2,132,7,0.5997524900839439
2,133,7,0.609581331897036
2,134,7,0.6007488077220946
2,135,7,0.6103056381005981
2,136,7,0.5997140396903966
2,137,7,0.6058915536539113
2,138,7,0.5991657982303349
2,139,7,0.606351948333727
2,140,7,0.602056314196762
2,141,7,0.6081872929217167
2,142,7,0.6024780647609633
2,143,7,0.6062222713011922
2,144,7,0.5997561542131411
2,145,7,0.6052920219355877
2,146,7,0.6002055184554697
2,147,7,0.609578513986358
2,148,7,0.601161015708406
2,149,7,0.6102284310444899
2,150,7,0.6001683383112754
2,151,7,0.6060366123835486
2,152,7,0.5996368327571406
2,153,7,0.6065013778009596
2,154,7,0.6024016496518401
2,155,7,0.6082710355030979
2,156,7,0.6027799660650006
2,157,7,0.6063815394983258
2,158,7,0.6001624333072411
2,159,7,0.6054903850648662
2,160,7,0.6005985668368328
2,161,7,0.6095738239389044
2,162,7,0.6015181442546408
2,163,7,0.6101630271188252
2,164,7,0.600562701652591
2,165,7,0.6061637334931976
2,166,7,0.6000466786355563
2,167,7,0.6066300941997064
2,168,7,0.6027012100225948
2,169,7,0.6083409910597112
2,170,7,0.6030439333887482
2,171,7,0.6065186483485655
2,172,7,0.6005195990760688
2,173,7,0.6056620237925763
2,174,7,0.60094380071523
2,175,7,0.6095680680921967
2,176,7,0.6018314336958905
2,177,7,0.610106800784302
2,178,7,0.6009092381365453
2,179,7,0.6062763234692619
2,180,7,0.6004075404436842
2,181,7,0.6067423936939212
2,182,7,0.6029642628811296
2,183,7,0.6084003039336808
2,184,7,0.6032773142193006
2,185,7,0.6066381978548889
2,186,7,0.6008368399496999
2,187,7,0.6058123610390185
2,188,7,0.601250189760796
2,189,7,0.6095617339326098
2,190,7,0.6021091578557918
2,191,7,0.6100578633761676
2,192,7,0.6012168879127423
2,193,7,0.6063769494416431
2,194,7,0.6007284640591166
2,195,7,0.6068414323327717
2,196,7,0.6031976486983464
2,197,7,0.6084512302167925
2,198,7,0.6034856041809662
2,199,7,0.6067435671379814
2,200,7,0.6011211011314957
2,201,7,0.6059454056723053
3,3,7,0.5
3,4,7,0.5
3,5,7,0.5
3,6,7,0.578125
3,7,7,0.5285053544388373
3,8,7,0.6171875
3,9,7,0.5407633288697519
3,10,7,0.6014730084503237
3,11,7,0.5501968035679105
3,12,7,0.597684993395619
3,13,7,0.5670044427737632
3,14,7,0.5900492364131753
3,15,7,0.578067098920908
3,16,7,0.5951044519573961
3,17,7,0.584307921982857
3,18,7,0.5951976657254354
3,19,7,0.5841684369919319
3,20,7,0.5982665235938378
3,21,7,0.5826553556716676
3,22,7,0.608007168778766
3,23,7,0.5850398291999532
3,24,7,0.6028653780179473
3,25,7,0.5847256859911371
3,26,7,0.6008502246005928
3,27,7,0.58592483741189
3,28,7,0.596787873551669
3,29,7,0.5899892210321247
3,30,7,0.5992821034989999
3,31,7,0.5900027285774323
3,32,7,0.599483410811082
3,33,7,0.5894588042414943
3,34,7,0.601235390343596
3,35,7,0.5884336052125044
3,36,7,0.6083862515555004
3,37,7,0.5897906348384284
3,38,7,0.6036070718432371
3,39,7,0.5895940520857545
3,40,7,0.6023944173459272
3,41,7,0.5905493195412511
3,42,7,0.5995548761325646
3,43,7,0.5936619749064648
3,44,7,0.6011544807896092
3,45,7,0.5929091229052937
3,46,7,0.6014216959552733
3,47,7,0.5923473678517892
3,48,7,0.6025933390957166
3,49,7,0.5915795276518101
3,50,7,0.6085307227410164
3,51,7,0.5924943270862686
3,52,7,0.6041443682067374
3,53,7,0.5923613965899786
3,54,7,0.6033337930959585
3,55,7,0.593174124225705
3,56,7,0.601105158250527
3,57,7,0.595768794615826
3,58,7,0.6022624583108516
3,59,7,0.594777943904596
3,60,7,0.6025656888564418
3,61,7,0.5942424227623688
3,62,7,0.6034147573753038
3,63,7,0.5936281338962525
3,64,7,0.6086076497658194
3,65,7,0.5943016101095425
3,66,7,0.6045535807084447
3,67,7,0.5942071076785866
3,68,7,0.6039755731805215
3,69,7,0.594924520341978
3,70,7,0.6021095809425382
3,71,7,0.597187779118394
3,72,7,0.6030128505208908
3,73,7,0.596113553685776
3,74,7,0.6033360010758791
3,75,7,0.595609235596164
3,76,7,0.6039815936328468
3,77,7,0.5950963464807092
3,78,7,0.608657059798569
3,79,7,0.5956202325456995
3,80,7,0.6048771287523804
3,81,7,0.5955511284200613
3,82,7,0.6044474798619733
3,83,7,0.5961992013735993
3,84,7,0.6028244098739671
3,85,7,0.5982291073218784
3,86,7,0.6035632719960596
3,87,7,0.5971306627473977
3,88,7,0.6038973414441626
3,89,7,0.5966553821739092
3,90,7,0.6044038838503041
3,91,7,0.5962122670796044
3,92,7,0.6086924638917642
3,93,7,0.5966375327705992
3,94,7,0.6051406584522305
3,95,7,0.596586312056495
3,96,7,0.6048123695657726
3,97,7,0.5971810991641715
3,98,7,0.603364836052969
3,99,7,0.599036043270796
3,100,7,0.6039888545811085
3,101,7,0.5979391536967857
3,102,7,0.6043285464241324
3,103,7,0.5974895673782166
3,104,7,0.6047346522259522
3,105,7,0.5970975919623855
3,106,7,0.608719637147127
3,107,7,0.5974534483935852
3,108,7,0.605360442328399
3,109,7,0.59741540895043
3,110,7,0.6051049699319218
3,111,7,0.597967642505909
3,112,7,0.6037910412846983
3,113,7,0.5996854749475018
3,114,7,0.604330447207294
3,115,7,0.5986020766481177
3,116,7,0.6046725123420678
3,117,7,0.598174999337818
3,118,7,0.6050088229250172
3,119,7,0.5978222348281158
3,120,7,0.6087414766143828
3,121,7,0.5981268608632073
3,122,7,0.6055472714750382
3,123,7,0.5980988769074421
3,124,7,0.6053461457167302
3,125,7,0.5986161453038605
3,126,7,0.6041378231139973
3,127,7,0.600222954320115
3,128,7,0.6046123835578259
3,129,7,0.5991586013140393
3,130,7,0.6049547662655331
3,131,7,0.5987512801527387
3,132,7,0.6052440540627879
3,133,7,0.5984296138652951
3,134,7,0.6087596108547727
3,135,7,0.5986950325122338
3,136,7,0.605708584843031
3,137,7,0.5986749275019636
3,138,7,0.6055492525648134
3,139,7,0.5991628266821061
3,140,7,0.6044268363850807
3,141,7,0.6006774476427728
3,142,7,0.6048501680808572
3,143,7,0.5996345378199305
3,144,7,0.60519153989851
3,145,7,0.5992446566979124
3,146,7,0.6054427119291063
3,147,7,0.5989483107438571
3,148,7,0.6087750357365951
3,149,7,0.5991828554146512
3,150,7,0.6058496828105806
3,151,7,0.5991690573056272
3,152,7,0.6057232731091956
3,153,7,0.5996318514037552
3,154,7,0.6046723320016575
3,155,7,0.6010683856945934
3,156,7,0.6050542036408246
3,157,7,0.6000476864785055
3,158,7,0.6053936957933354
3,159,7,0.599673306337052
3,160,7,0.6056134060666737
3,161,7,0.5993980134466331
3,162,7,0.6087884005800874
3,163,7,0.5996076796194876
3,164,7,0.6059744535944296
3,165,7,0.5995990188968243
3,166,7,0.6058744933647895
3,167,7,0.6000400437804968
3,168,7,0.6048841105188547
3,169,7,0.6014093606789223
3,170,7,0.6052317621423516
3,171,7,0.6004107790632707
3,172,7,0.6055688050909649
3,173,7,0.6000502711533818
3,174,7,0.6057621508135975
3,175,7,0.5997927858815985
3,176,7,0.6088001505195958
3,177,7,0.5999820200379831
3,178,7,0.6060858160357102
3,179,7,0.5999776051631351
3,180,7,0.606007457630964
3,181,7,0.6003995274611905
3,182,7,0.6050691562046124
3,183,7,0.6017102070573925
3,184,7,0.6053880990165431
3,185,7,0.6007331969931817
3,186,7,0.6057223227350823
3,187,7,0.6003851850303974
3,188,7,0.6058932914028855
3,189,7,0.6001429786295001
3,190,7,0.6088106031856497
3,191,7,0.6003151627337401
3,192,7,0.6061860109180759
3,193,7,0.6003143000240532
3,194,7,0.6061255413380634
3,195,7,0.6007192902268949
3,196,7,0.6052325948336311
3,197,7,0.6019782431359035
3,198,7,0.6055271187148148
3,199,7,0.6010220279130715
3,200,7,0.6058582887749333
3,201,7,0.6006853398740245
4,4,7,0.5
4,5,7,0.5781250000000001
4,6,7,0.5255635356431252
4,7,7,0.5739065066888175
4,8,7,0.536883027687469
4,9,7,0.6056481648604992
4,10,7,0.5446771192666449
4,11,7,0.5999110172976483
4,12,7,0.5569382381309236
4,13,7,0.5920827313451499
4,14,7,0.5686422033029309
4,15,7,0.5882845512522359
4,16,7,0.5770347492372212
4,17,7,0.591851116766686
4,18,7,0.5839247008416995
4,19,7,0.5960407509561325
4,20,7,0.5815000405475378
4,21,7,0.595834204139578
4,22,7,0.58173779716796
4,23,7,0.6020213256240857
4,24,7,0.5829747376533304
4,25,7,0.6006489234951473
4,26,7,0.5839751782181507
4,27,7,0.5950075477834065
4,28,7,0.5854155594532586
4,29,7,0.5954321445566118
4,30,7,0.5878801919236143
4,31,7,0.5959997304689814
4,32,7,0.5888234683512062
4,33,7,0.5998905079139104
4,34,7,0.5862222808907317
4,35,7,0.5998405831260674
4,36,7,0.5874932797267836
4,37,7,0.6032506366517991
4,38,7,0.5876255783416314
4,39,7,0.6018656056913765
4,40,7,0.5889214704573895
4,41,7,0.596908664595959
4,42,7,0.5899213394994387
4,43,7,0.5981723749871932
4,44,7,0.5914413823251288
4,45,7,0.5980877414207979
4,46,7,0.5917079570983652
4,47,7,0.6015911407607947
4,48,7,0.5891312646375931
4,49,7,0.6016159560047825
4,50,7,0.5906240559898058
4,51,7,0.6039294260491068
4,52,7,0.590418317522986
4,53,7,0.6027300214299822
4,54,7,0.5917641572225484
4,55,7,0.5982232482143175
4,56,7,0.592527050770421
4,57,7,0.5997423799212451
4,58,7,0.593590764034
4,59,7,0.5994081074979668
4,60,7,0.5936409426666234
4,61,7,0.6025987383926255
4,62,7,0.5911604261308991
4,63,7,0.6026580724037545
4,64,7,0.5926837193623824
4,65,7,0.6043919693102987
4,66,7,0.5923374370499493
4,67,7,0.6033574400345887
4,68,7,0.5936665991263328
4,69,7,0.5991913558203661
4,70,7,0.5942843007785537
4,71,7,0.6007911694742148
4,72,7,0.5950867760968639
4,73,7,0.6003416057727766
4,74,7,0.5950475957984261
4,75,7,0.6032840670047138
4,76,7,0.592857620600913
4,77,7,0.6033604119278216
4,78,7,0.59417364444095
4,79,7,0.6047388291089479
4,80,7,0.5937614894057841
4,81,7,0.6038343667502153
4,82,7,0.5950539331109443
4,83,7,0.6000247852925177
4,84,7,0.5955740463051454
4,85,7,0.6015546709366745
4,86,7,0.5962101269007619
4,87,7,0.6010473052666436
4,88,7,0.5961291423756423
4,89,7,0.6037891349631872
4,90,7,0.5941532936688905
4,91,7,0.6038741084930903
4,92,7,0.5953169128115968
4,93,7,0.6050135347950234
4,94,7,0.594872741808499
4,95,7,0.6042112333767936
4,96,7,0.596123273341181
4,97,7,0.6007599796656301
4,98,7,0.5965734242397787
4,99,7,0.6021421895077126
4,100,7,0.597095530685974
4,101,7,0.6016053088704645
4,102,7,0.5969938220182354
4,103,7,0.6041814034995501
4,104,7,0.595179784979089
4,105,7,0.6042706501027506
4,106,7,0.5962304613982998
4,107,7,0.605239029644896
4,108,7,0.5957714048377418
4,109,7,0.6045182129272534
4,110,7,0.5969801097554344
4,111,7,0.6013437647123709
4,112,7,0.5973776905610361
4,113,7,0.6026122074594418
4,114,7,0.5978175111415804
4,115,7,0.6020610234370546
4,116,7,0.5977054856503317
4,117,7,0.6044975470764771
4,118,7,0.5960192150613749
4,119,7,0.6045886636628246
4,120,7,0.5969824161552852
4,121,7,0.6054289307398819
4,122,7,0.596517778663961
4,123,7,0.6047743136004073
4,124,7,0.5976866597653152
4,125,7,0.601821610785921
4,126,7,0.5980433054058378
4,127,7,0.6029992061211865
4,128,7,0.5984213030414608
4,129,7,0.6024423991335196
4,130,7,0.5983044846274631
4,131,7,0.6047594432793393
4,132,7,0.5967223853254121
4,133,7,0.6048510474470611
4,134,7,0.5976155508518997
4,135,7,0.6055919842697072
4,136,7,0.5971506233206917
4,137,7,0.6049920881159349
4,138,7,0.5982823003991891
4,139,7,0.6022219632923409
4,140,7,0.5986061687189541
4,141,7,0.6033249991251683
4,142,7,0.5989362446173684
4,143,7,0.6027677220522776
4,144,7,0.5988177120613034
4,145,7,0.6049810610429969
4,146,7,0.5973226455267668
4,147,7,0.6050723362021024
4,148,7,0.5981582725979324
4,149,7,0.6057341364277894
4,150,7,0.597696144785058
4,151,7,0.605180176733325
4,152,7,0.5987933292643698
4,153,7,0.6025636355862376
4,154,7,0.5990903561918851
4,155,7,0.6036041458550219
4,156,7,0.599382340948104
4,157,7,0.6030495320034138
4,158,7,0.5992638637301801
4,159,7,0.6051717952714106
4,160,7,0.597842921554339
4,161,7,0.605262253520711
4,162,7,0.5986302921832124
4,163,7,0.6058596065079639
4,164,7,0.5981727846699558
4,165,7,0.6053447335710511
4,166,7,0.5992380661527974
4,167,7,0.6028596272231576
4,168,7,0.5995127041220268
4,169,7,0.6038467827773504
4,170,7,0.5997737801483318
4,171,7,0.6032967566956742
4,172,7,0.5996563902706424
4,173,7,0.6053382293566175
4,174,7,0.5982995649895078
4,175,7,0.6054275809574285
4,176,7,0.5990457763305448
4,177,7,0.6059714912424687
4,178,7,0.598593949598333
4,179,7,0.6054902717676411
4,180,7,0.5996297178686041
4,181,7,0.6031192432403458
4,182,7,0.5998853911884396
4,183,7,0.6040602122347076
4,184,7,0.6001209497680438
4,185,7,0.6035159497113834
4,186,7,0.600005247302885
4,187,7,0.6054851333266168
4,188,7,0.5987045956014679
4,189,7,0.6055732108717844
4,190,7,0.5994152060397377
4,191,7,0.6060721264024924
4,192,7,0.5989696521915804
4,193,7,0.6056201833991854
4,194,7,0.5999780776550547
4,195,7,0.6033493408867715
4,196,7,0.6002174762292667
4,197,7,0.6042498453491929
4,198,7,0.6004316572750228
4,199,7,0.6037120458134373
4,200,7,0.6003179816389325
4,201,7,0.6056160598423368
5,5,7,0.5253718379346515
5,6,7,0.5656154937896574
5,7,7,0.5339550085358455
5,8,7,0.5794172205733384
5,9,7,0.5393024224047799
5,10,7,0.5985503532279295
5,11,7,0.5510378742935732
5,12,7,0.594465545591099
5,13,7,0.5606948064034019
5,14,7,0.5873932794879141
5,15,7,0.5696627553638797
5,16,7,0.58841817451426
5,17,7,0.5781465331580287
5,18,7,0.5882842636497847
5,19,7,0.581927242463748
5,20,7,0.594098383733627
5,21,7,0.5792138419832256
5,22,7,0.5965685062383674
5,23,7,0.5809124641195612
5,24,7,0.5991549998542818
5,25,7,0.58103607099261
5,26,7,0.5951258574725975
5,27,7,0.5833658148312466
5,28,7,0.5918876556203284
5,29,7,0.5848250858994698
5,30,7,0.5949751170506732
5,31,7,0.5871036129623184
5,32,7,0.5924020567588693
5,33,7,0.5860825534121673
5,34,7,0.5977582454741964
5,35,7,0.5847408007805226
5,36,7,0.6001489257189813
5,37,7,0.5864208550367807
5,38,7,0.6006790965231148
5,39,7,0.5856759477059397
5,40,7,0.5965973423322394
5,41,7,0.5881920957583698
5,42,7,0.5955335408996961
5,43,7,0.5891312375224398
5,44,7,0.5975028420774213
5,45,7,0.5904594538202944
5,46,7,0.5947387049228239
5,47,7,0.5888772054838227
5,48,7,0.5996062039385136
5,49,7,0.5883705067221243
5,50,7,0.60167479791249
5,51,7,0.5894879338544212
5,52,7,0.6016135985046157
5,53,7,0.5886262594162693
5,54,7,0.597757799643926
5,55,7,0.5910318080570552
5,56,7,0.5975613402434392
5,57,7,0.5916736456369147
5,58,7,0.5989941939190004
5,59,7,0.5925946759072062
5,60,7,0.5962659045753279
5,61,7,0.5908707003112241
5,62,7,0.6007878095248563
5,63,7,0.5907390728506633
5,64,7,0.6025834907484098
5,65,7,0.5915492690011228
5,66,7,0.6022923243218614
5,67,7,0.5907281129661035
5,68,7,0.5986616887581093
5,69,7,0.5929576273297753
5,70,7,0.5988965109526216
5,71,7,0.5934165239848845
5,72,7,0.6000159009674758
5,73,7,0.59412261829199
5,74,7,0.5974745298281015
5,75,7,0.5923851131487547
5,76,7,0.6016094663744082
5,77,7,0.5924374372477053
5,78,7,0.603207889499072
5,79,7,0.5930615806177544
5,80,7,0.6028040121147514
5,81,7,0.5922850374947755
5,82,7,0.5993807418470545
5,83,7,0.5943674440298841
5,84,7,0.5998586259148204
5,85,7,0.5947102961526978
5,86,7,0.6007732261571272
5,87,7,0.5952834120869096
5,88,7,0.5983592357738099
5,89,7,0.5935731642609483
5,90,7,0.6022283009468467
5,91,7,0.5937334676731918
5,92,7,0.603673537899944
5,93,7,0.5942349991020095
5,94,7,0.6032134750816212
5,95,7,0.5935043309210013
5,96,7,0.5999696957325722
5,97,7,0.5954604263171869
5,98,7,0.6005941254887553
5,99,7,0.5957225713067134
5,100,7,0.6013650838396858
5,101,7,0.5962075256800927
5,102,7,0.599072529642731
5,103,7,0.5945394462158131
5,104,7,0.6027156846264643
5,105,7,0.5947650988418236
5,106,7,0.604038218654747
5,107,7,0.5951793748165305
5,108,7,0.6035289082397229
5,109,7,0.59448112048882
5,110,7,0.600455591621586
5,111,7,0.5963317157016707
5,112,7,0.6011787253723133
5,113,7,0.5965251777395562
5,114,7,0.6018436879793884
5,115,7,0.5969655351867181
5,116,7,0.5996470189538938
5,117,7,0.5953358249723191
5,118,7,0.6030903511871903
5,119,7,0.5956089352383249
5,120,7,0.6043349635392496
5,121,7,0.5959628663573118
5,122,7,0.6038144083557864
5,123,7,0.5953044910178944
5,124,7,0.60087596816447
5,125,7,0.5970623826390378
5,126,7,0.6016590855588577
5,127,7,0.5972138175762333
5,128,7,0.6022428556852373
5,129,7,0.5976035694247109
5,130,7,0.6001448846542119
5,131,7,0.5960196303515817
5,132,7,0.6034219437887928
5,133,7,0.5963216051773675
5,134,7,0.6045831535604992
5,135,7,0.5966263589870273
5,136,7,0.6040657104362639
5,137,7,0.5959904551963735
5,138,7,0.6012398797515107
5,139,7,0.5976727600603422
5,140,7,0.6020622922250123
5,141,7,0.5977983647750179
5,142,7,0.6025819350032537
5,143,7,0.5981488232823247
5,144,7,0.6005710977064991
5,145,7,0.5966100720145489
5,146,7,0.6037041660194817
5,147,7,0.5969313105910795
5,148,7,0.60479751233084
5,149,7,0.5971975288211039
5,150,7,0.6042762631482239
5,151,7,0.5965898349221694
5,152,7,0.6015588914383393
5,153,7,0.5982019972413766
5,154,7,0.6024069496396918
5,155,7,0.5983028994427076
5,156,7,0.602874730325478
5,157,7,0.5986220219574805
5,158,7,0.6009413330302777
5,159,7,0.5971265974772759
5,160,7,0.6039481604012265
5,161,7,0.5974605288798207
5,162,7,0.6049799160651053
5,163,7,0.5976951492057566
5,164,7,0.6044610439662659
5,165,7,0.5971129853500081
5,166,7,0.6018415257349583
5,167,7,0.5986635093484232
5,168,7,0.6027059795830279
5,169,7,0.5987459906507534
5,170,7,0.6031309596215066
5,171,7,0.5990378966293232
5,172,7,0.6012668653038038
5,173,7,0.5975834345196831
5,174,7,0.6041618422489184
5,175,7,0.5979256224838677
5,176,7,0.605141665847334
5,177,7,0.5981352671655481
5,178,7,0.6046382319927579
5,179,7,0.5975777125329985
5,180,7,0.602094210737997
5,181,7,0.5990706440962181
5,182,7,0.60296876780873
5,183,7,0.5991348708198642
5,184,7,0.6033576936034653
5,185,7,0.5994072534644534
5,186,7,0.6015560326991766
5,187,7,0.5979912586370004
5,188,7,0.6043510088216573
5,189,7,0.5983386320626497
5,190,7,0.6052852459572344
5,191,7,0.5985284620162933
5,192,7,0.6047787652831517
5,193,7,0.5979881185412108
5,194,7,0.6023218942593667
5,195,7,0.5994333302246686
5,196,7,0.6032020290368368
5,197,7,0.5994837150356871
5,198,7,0.6035602188011373
5,199,7,0.5997382294453716
5,200,7,0.6018151492982263
5,201,7,0.5983658294932391
6,6,7,0.5316997785458967
6,7,7,0.5754748821510935
6,8,7,0.538855685261971
6,9,7,0.5766442311007285
6,10,7,0.5485897584331211
6,11,7,0.5954851176595337
6,12,7,0.55455917566828
6,13,7,0.590328924284848
6,14,7,0.562818218712527
6,15,7,0.5846462791079403
6,16,7,0.5716576271549775
6,17,7,0.5869244641256753
6,18,7,0.5784843041646635
6,19,7,0.5865630096327231
6,20,7,0.579965213732611
6,21,7,0.5917816285348645
6,22,7,0.578426241479479
6,23,7,0.5969011197841196
6,24,7,0.5798222348669211
6,25,7,0.5967302249106794
6,26,7,0.5800170190796976
6,27,7,0.5907958756036961
6,28,7,0.582872240593453
6,29,7,0.5934879288889858
6,30,7,0.5846889917364486
6,31,7,0.5926080029399678
6,32,7,0.5857528940910411
6,33,7,0.5908516868213547
6,34,7,0.5835158933240892
6,35,7,0.5962823113205661
6,36,7,0.5850341849521645
6,37,7,0.5994310589862366
6,38,7,0.5849950731384674
6,39,7,0.5979272729601619
6,40,7,0.5846659015403082
6,41,7,0.5926124054354784
6,42,7,0.587484584368779
6,43,7,0.5966269862481627
6,44,7,0.5887238982064759
6,45,7,0.595012449487949
6,46,7,0.588781093302567
6,47,7,0.5936965655693636
6,48,7,0.5866357859171438
6,49,7,0.5984740784299668
6,50,7,0.5884403671274914
6,51,7,0.6006755648113615
6,52,7,0.588028719216934
6,53,7,0.5988569927147082
6,54,7,0.5876918180890494
6,55,7,0.5942961685257145
6,56,7,0.5902558556900571
6,57,7,0.5983972419890227
6,58,7,0.5911597615159561
6,59,7,0.5965371057384454
6,60,7,0.5908299603774952
6,61,7,0.5955924765250221
6,62,7,0.5891121252183245
6,63,7,0.5998236503452927
6,64,7,0.5906850488205283
6,65,7,0.6015002945584388
6,66,7,0.5901421770357196
6,67,7,0.5996063808218215
6,68,7,0.5898609376053294
6,69,7,0.5958234686237727
6,70,7,0.5921754983480071
6,71,7,0.5995771216472175
6,72,7,0.5928681565837173
6,73,7,0.5976325312580076
6,74,7,0.5923515689288965
6,75,7,0.5970174174214078
6,76,7,0.5909194040207209
6,77,7,0.6007568599714108
6,78,7,0.592315210270015
6,79,7,0.6021037311522095
6,80,7,0.5917192093556698
6,81,7,0.6002116832785848
6,82,7,0.5915064854220127
6,83,7,0.5969484828681018
6,84,7,0.5935934847966572
6,85,7,0.6004348039180881
6,86,7,0.5941511186460924
6,87,7,0.5984729394472632
6,88,7,0.5935430107200853
6,89,7,0.5981171895582089
6,90,7,0.5923129127973468
6,91,7,0.6014530821198543
6,92,7,0.5935707782512568
6,93,7,0.6025748772761943
6,94,7,0.5929569405986703
6,95,7,0.6007153501151608
6,96,7,0.5928088199338255
6,97,7,0.5978351106719919
6,98,7,0.5947014860379572
6,99,7,0.6010955263578336
6,100,7,0.5951648963574381
6,101,7,0.5991464451903434
6,102,7,0.5945096621826184
6,103,7,0.5989625509926416
6,104,7,0.5934284287089315
6,105,7,0.6019983636722593
6,106,7,0.594577325763689
6,107,7,0.6029532837168048
6,108,7,0.59395793267429
6,109,7,0.6011332669323444
6,110,7,0.5938727866044029
6,111,7,0.5984815441761521
6,112,7,0.5955946056257815
6,113,7,0.6016233340198067
6,114,7,0.5959911960779171
6,115,7,0.5996965201660145
6,116,7,0.5953112276701387
6,117,7,0.599625759333043
6,118,7,0.5943256725327786
6,119,7,0.6024341018114471
6,120,7,0.5954074916684774
6,121,7,0.6032712472355339
6,122,7,0.5947946207442601
6,123,7,0.6015009689463592
6,124,7,0.5947672622400949
6,125,7,0.5991051585905781
6,126,7,0.5963367250306097
6,127,7,0.6020595629656528
6,128,7,0.596682966497057
6,129,7,0.6001709535349004
6,130,7,0.5959915126127351
6,131,7,0.600177008998459
6,132,7,0.5951020198934892
6,133,7,0.6027995432662251
6,134,7,0.5961088622657599
6,135,7,0.6035433256477161
6,136,7,0.595509118210066
6,137,7,0.601821692075336
6,138,7,0.5955204298404393
6,139,7,0.5996496302833816
6,140,7,0.5969705901220962
6,141,7,0.6024280508750703
6,142,7,0.5972765257050139
6,143,7,0.6005741398949217
6,144,7,0.596579744689111
6,145,7,0.6006495669015595
6,146,7,0.5957756310502709
6,147,7,0.6031130452365855
6,148,7,0.5967104890260307
6,149,7,0.6037796520857359
6,150,7,0.5961247810888366
6,151,7,0.6021045775196208
6,152,7,0.5961651054709056
6,153,7,0.6000693570546383
6,154,7,0.5975175864550626
6,155,7,0.6027439465362242
6,156,7,0.5977859172083936
6,157,7,0.6009238097429491
6,158,7,0.5970968980976421
6,159,7,0.6010539428692836
6,160,7,0.5963528954973326
6,161,7,0.6033891209852996
6,162,7,0.597235456372484
6,163,7,0.6039871927843894
6,164,7,0.5966613233780819
6,165,7,0.602356488396082
6,166,7,0.5967225982712928
6,167,7,0.6004637997770222
6,168,7,0.5979959907864416
6,169,7,0.6030187899526891
6,170,7,0.5982385054316214
6,171,7,0.6012390782321024
6,172,7,0.5975544055742958
6,173,7,0.6014053478890397
6,174,7,0.596859614482901
6,175,7,0.6036203868305957
6,176,7,0.5976982564748696
6,177,7,0.6041714548355295
6,178,7,0.5971346327709143
6,179,7,0.6025826792775618
6,180,7,0.5972125097446077
6,181,7,0.6008123274418165
6,182,7,0.5984140788564479
6,183,7,0.6032610133835868
6,184,7,0.5986376649582577
6,185,7,0.6015157299922667
6,186,7,0.5979628668200155
6,187,7,0.6017143544476081
6,188,7,0.5973129957272711
6,189,7,0.6038297808542995
6,190,7,0.5981103193229851
6,191,7,0.6043365573810215
6,192,7,0.5975593928323815
6,193,7,0.602787665088495
6,194,7,0.597647880793883
6,195,7,0.6011080662054431
6,196,7,0.5987936633239874
6,197,7,0.6034762129432928
6,198,7,0.5989949538063758
6,199,7,0.6017649248486862
6,200,7,0.5983304859023477
6,201,7,0.6019888613105346
7,7,7,0.5376823314524733
7,8,7,0.5688227861988044
7,9,7,0.5473908568502273
7,10,7,0.5779813610891069
7,11,7,0.5522077767454889
7,12,7,0.5947866388500953
7,13,7,0.5578477771264974
7,14,7,0.5875975039759584
7,15,7,0.5653309519571632
7,16,7,0.5848338252975157
7,17,7,0.5733589288529928
7,18,7,0.5859976400692088
7,19,7,0.5780657524486782
7,20,7,0.5851905020274316
7,21,7,0.578763977860327
7,22,7,0.5945731015279583
7,23,7,0.5783034846718984
7,24,7,0.5951360922190067
7,25,7,0.5791698564680875
7,26,7,0.5933206554592366
7,27,7,0.5791376692635122
7,28,7,0.5898044705562703
7,29,7,0.5831007726903059
7,30,7,0.5923810434626201
7,31,7,0.5841922767988439
7,32,7,0.5912057053930133
7,33,7,0.583966206926559
7,34,7,0.5904412045041352
7,35,7,0.5831913762426185
7,36,7,0.5977503874343878
7,37,7,0.5842876279252615
7,38,7,0.5973928567586148
7,39,7,0.5841159246227592
7,40,7,0.5943363846574564
7,41,7,0.5838620552859788
7,42,7,0.593112537790063
7,43,7,0.5874751887323626
7,44,7,0.595216252281008
7,45,7,0.5878377490180229
7,46,7,0.5936139990778471
7,47,7,0.5866793586785843
7,48,7,0.5941620874286841
7,49,7,0.5867380984448234
7,50,7,0.5993693079845328
7,51,7,0.587547212371999
7,52,7,0.5986493471717997
7,53,7,0.5871637382665792
7,54,7,0.5953727909555198
7,55,7,0.5873416996860482
7,56,7,0.5953029985392673
7,57,7,0.5901237493060294
7,58,7,0.5969026643276093
7,59,7,0.5901349302268506
7,60,7,0.5952155350305564
7,61,7,0.5886725937841918
7,62,7,0.5962460032600038
7,63,7,0.5891609805527894
7,64,7,0.6004207022742465
7,65,7,0.5897626132591356
7,66,7,0.599537467794341
7,67,7,0.589321726321962
7,68,7,0.596277732732312
7,69,7,0.589702475994337
7,70,7,0.596816315861938
7,71,7,0.5920002089523747
7,72,7,0.5980685020454471
7,73,7,0.5917902260542158
7,74,7,0.5964001731386857
7,75,7,0.5902358052911956
7,76,7,0.597633156151035
7,77,7,0.5909321846444846
7,78,7,0.6011809760024461
7,79,7,0.5913993835896095
7,80,7,0.6002151561155328
7,81,7,0.5909468476982069
7,82,7,0.597044792039666
7,83,7,0.5914121614170065
7,84,7,0.5979172489752075
7,85,7,0.5933909473539121
7,86,7,0.5989410916312045
7,87,7,0.5930610948347397
7,88,7,0.5973185907717015
7,89,7,0.5915918118246566
7,90,7,0.5986459816579818
7,91,7,0.5922995779287306
7,92,7,0.6017655876585243
7,93,7,0.5926754400035545
7,94,7,0.600759528368194
7,95,7,0.5922276285050457
7,96,7,0.5976981838041598
7,97,7,0.5927294435038089
7,98,7,0.5987681427128981
7,99,7,0.5944847155653854
7,100,7,0.5996285698501319
7,101,7,0.5940809631026068
7,102,7,0.5980603836192787
7,103,7,0.5927354879850248
7,104,7,0.5994282095027554
7,105,7,0.5933961174567431
7,106,7,0.602234393885457
7,107,7,0.5937070471330477
8,8,7,0.5463413997085498
8,9,7,0.570367572795862
8,10,7,0.5518505855264112
8,11,7,0.5808643720530657
8,12,7,0.5572314820596471
8,13,7,0.5921659209393397
8,14,7,0.5622339365579933
8,15,7,0.5952344548731842
8,16,7,0.5677531862757498
8,17,7,0.5848715748588335
8,18,7,0.5742746196170111
8,19,7,0.584905047920694
8,20,7,0.5777073089263406
8,21,7,0.583994619712369
8,22,7,0.5780064695757468
8,23,7,0.5943361929648061
8,24,7,0.5780437677687875
8,25,7,0.5936962551013715
8,26,7,0.5784109246744396
8,27,7,0.590283389055638
8,28,7,0.578288033840917
8,29,7,0.5893598738478405
8,30,7,0.5828779524938691
8,31,7,0.5915039823524666
8,32,7,0.5833448669736168
8,33,7,0.5897286509954186
8,34,7,0.5824781172508738
8,35,7,0.5905503068148841
8,36,7,0.5826730303828078
8,37,7,0.5965709628081333
8,38,7,0.5836929262917336
8,39,7,0.5954491948842338
8,40,7,0.5832724309861612
8,41,7,0.5920023684784134
8,42,7,0.5840045952024908
8,43,7,0.5922992831922551
8,44,7,0.5868784312394719
8,45,7,0.594172530513823
8,46,7,0.5865738233128502
8,47,7,0.5921031965915462
8,48,7,0.5857457763853919
8,49,7,0.5942206415334809
8,50,7,0.5860824653048745
8,51,7,0.5979479430876418
8,52,7,0.5869000448731984
8,53,7,0.5965682289672907
8,54,7,0.5863528295505059
8,55,7,0.5941914175338707
8,56,7,0.5874852185873839
8,57,7,0.5944832441907274
8,58,7,0.5894242238116725
8,59,7,0.5958388398239451
8,60,7,0.5887112628228797
8,61,7,0.5937511291348123
8,62,7,0.588283437333556
8,63,7,0.5962946219635219
8,64,7,0.5884657522411496
8,65,7,0.5989415628886904
8,66,7,0.5891114480448578
8,67,7,0.5974344414429804
8,68,7,0.5885671445714562
8,69,7,0.595729470025466
8,70,7,0.5897794156759758
8,71,7,0.5959806676171617
8,72,7,0.5912160502708708
8,73,7,0.5970260592734264
8,74,7,0.5903119219736578
8,75,7,0.5950125017923455
8,76,7,0.5901316821646925
8,77,7,0.5976563597711977
8,78,7,0.5902332652727096
8,79,7,0.5996843646600484
8,80,7,0.5907643400238131
8,81,7,0.5981401545784027
8,82,7,0.5902359422951529
8,83,7,0.5968747875990339
8,84,7,0.5914497117611911
8,85,7,0.597083076532815
8,86,7,0.5925798255815469
8,87,7,0.5979328291620453
8,88,7,0.5915795890476608
8,89,7,0.5959989933353133
8,90,7,0.5915580331877042
8,91,7,0.5986486700706549
8,92,7,0.591609714163233
8,93,7,0.6002801903635735
8,94,7,0.5920618629051828
8,95,7,0.5987319768623129
8,96,7,0.5915556251720667
8,97,7,0.5977700486637605
8,98,7,0.5927418292644651
8,99,7,0.5979409174530586
8,100,7,0.5936654626483924
8,101,7,0.5986569740768971
8,102,7,0.5926184546943039
8,103,7,0.5968036251103097
8,104,7,0.5927019506838712
8,105,7,0.5994151312868865
8,106,7,0.5927205270231348
8,107,7,0.600772593261466
8,108,7,0.5931157463151647
9,9,7,0.5510900026846428
9,10,7,0.5688266280268313
9,11,7,0.5568856794101342
9,12,7,0.5822783538764272
9,13,7,0.5614029542927169
9,14,7,0.5896467779140218
9,15,7,0.5645232944292595
9,16,7,0.5919669896815498
9,17,7,0.5694909949136563
9,18,7,0.5840373979161931
9,19,7,0.5748695328189815
9,20,7,0.5846740544380442
9,21,7,0.5773314032426672
9,22,7,0.5827581788710265
9,23,7,0.5779379720587361
9,24,7,0.5920212515056902
9,25,7,0.5774424308805377
9,26,7,0.5920416287690994
9,27,7,0.5779153729789869
9,28,7,0.5890016499864325
9,29,7,0.5777679229824136
9,30,7,0.5883379191093006
9,31,7,0.5822902763096658
9,32,7,0.5904663017018258
9,33,7,0.5824826967966112
9,34,7,0.5886507242442811
9,35,7,0.5819288756873794
9,36,7,0.5918620603595857
9,37,7,0.582252537557665
9,38,7,0.5943852334282373
9,39,7,0.5829990351517946
9,40,7,0.5932243876382735
9,41,7,0.582439412294113
9,42,7,0.5915844968481965
9,43,7,0.5841414117500706
9,44,7,0.5916856243374874
9,45,7,0.5858883927585538
9,46,7,0.5931101394466871
9,47,7,0.5853341161528757
9,48,7,0.5908365613420246
9,49,7,0.5853631019161337
9,50,7,0.5950153354517429
9,51,7,0.5855827221712211
9,52,7,0.5959021979027469
9,53,7,0.5862264932542427
9,54,7,0.5942595483270549
9,55,7,0.585391919772464
9,56,7,0.5935444356941986
9,57,7,0.5874451655685672
9,58,7,0.5938097617637942
9,59,7,0.5882496295980385
9,60,7,0.5947751578995767
9,61,7,0.5873908986924993
9,62,7,0.5930765176807803
9,63,7,0.5877720524514757
9,64,7,0.596779357898247
9,65,7,0.5879432011050387
9,66,7,0.5969824931348052
9,67,7,0.5884876739022966
9,68,7,0.5951953570757031
9,69,7,0.5877291553701176
9,70,7,0.5950022649177693
9,71,7,0.5896664793834889
9,72,7,0.5952838947434353
9,73,7,0.5899898004214446
9,74,7,0.5959898566857704
9,75,7,0.5893455748754292
9,76,7,0.59481205388333
9,77,7,0.589573537447393
9,78,7,0.5979458662921082
9,79,7,0.5897114921112256
9,80,7,0.5978172311752106
9,81,7,0.5901812608942203
9,82,7,0.5960087753725962
9,83,7,0.5895119935072501
9,84,7,0.5961229059325192
9,85,7,0.5912720727757464
9,86,7,0.5963866325922403
9,87,7,0.5913384735459969
9,88,7,0.5969240044447314
9,89,7,0.5908413277764315
9,90,7,0.5960699879870969
9,91,7,0.590984362939154
9,92,7,0.59880988013497
9,93,7,0.5910975784110142
9,94,7,0.5984920439736255
9,95,7,0.5915129357170487
9,96,7,0.5967146952892854
9,97,7,0.5909151424468756
9,98,7,0.597014604417467
9,99,7,0.5925227238376981
9,100,7,0.5972538169920907
9,101,7,0.592430705028861
9,102,7,0.5976789317048122
9,103,7,0.5920392622591478
9,104,7,0.5970381961482758
9,105,7,0.5921268561243391
9,106,7,0.599487696769832
9,107,7,0.5922214538004256
9,108,7,0.5990538060030363
9,109,7,0.5925956921615453
10,10,7,0.5567888206125656
10,11,7,0.5690098187859829
10,12,7,0.5612991179371437
10,13,7,0.5831415574891841
10,14,7,0.5641450319571742
10,15,7,0.5877245707182045
10,16,7,0.5667391871765848
10,17,7,0.5878439927669578
10,18,7,0.5707945867630295
10,19,7,0.5835859218689213
10,20,7,0.5752634974950045
10,21,7,0.58339506263958
10,22,7,0.5768124053206378
10,23,7,0.5834805779268121
10,24,7,0.577393469431537
10,25,7,0.5916444300680631
10,26,7,0.5769823090597583
10,27,7,0.5899725085508487
10,28,7,0.5773663848228161
10,29,7,0.5883997940975401
10,30,7,0.5780417345421887
10,31,7,0.5870975503157578
10,32,7,0.5818990302207242
10,33,7,0.5897738560107018
10,34,7,0.5815636690761035
10,35,7,0.5871895577090859
10,36,7,0.5816606532912254
10,37,7,0.5920082385774667
10,38,7,0.5815278776429778
10,39,7,0.5934611147402193
10,40,7,0.5824840532803155
10,41,7,0.5907882106682781
10,42,7,0.5817563106356927
10,43,7,0.5907825902096996
10,44,7,0.5839777985884561
10,45,7,0.5904723053093138
10,46,7,0.5850954341761205
10,47,7,0.5920896206850841
10,48,7,0.5845067057910927
10,49,7,0.5905099970043794
10,50,7,0.584902970536135
10,51,7,0.594537298614743
10,52,7,0.5849059892416691
10,53,7,0.594725579300821
10,54,7,0.5855908215111933
10,55,7,0.5923891854467117
10,56,7,0.5850741096225097
10,57,7,0.5927526542698509
10,58,7,0.5869653536637869
10,59,7,0.5926402232073616
10,60,7,0.5872995202088463
10,61,7,0.5936440019566729
10,62,7,0.58705530321812
10,63,7,0.5930968251528534
10,64,7,0.5872618391146459
10,65,7,0.5960336899834288
10,66,7,0.5873304705745682
10,67,7,0.5957436623411974
10,68,7,0.5877776427135956
10,69,7,0.5939099626762729
10,70,7,0.5874914882290291
10,71,7,0.5942504276105062
10,72,7,0.5890226442384852
10,73,7,0.5941704033588693
10,74,7,0.5889948348330472
10,75,7,0.594823702554194
10,76,7,0.5889358043822482
10,77,7,0.594801555576177
10,78,7,0.589056362556225
10,79,7,0.5970705374502328
10,80,7,0.5891479680484167
10,81,7,0.5965652114191587
10,82,7,0.5894361029597647
10,83,7,0.5950765313487401
10,84,7,0.5893000068127716
10,85,7,0.5954055594809949
10,86,7,0.5905541021213486
10,87,7,0.5953254136239099
10,88,7,0.590339633657573
10,89,7,0.5957668776374717
10,90,7,0.590401975805699
10,91,7,0.596041614451544
10,92,7,0.5904739010326423
10,93,7,0.5978658896755927
10,94,7,0.5905745681661216
10,95,7,0.5972535567178244
10,96,7,0.5907540394925532
10,97,7,0.5960110284920616
10,98,7,0.5907236544734501
10,99,7,0.5963276669386207
10,100,7,0.5917663059701822
10,101,7,0.5962409461256443
10,102,7,0.5914477791806882
10,103,7,0.5965439818875964
10,104,7,0.5915868260430672
10,105,7,0.5969974287538762
10,106,7,0.5916279987618701
10,107,7,0.5985088354957611
10,108,7,0.5917319374638539
10,109,7,0.5978420345249627
10,110,7,0.5918350013546192
11,11,7,0.5609090295899031
11,12,7,0.5707766777312216
11,13,7,0.5641033444271932
11,14,7,0.5836607481496658
11,15,7,0.5663938101011018
11,16,7,0.5860262818956153
11,17,7,0.5681070936270209
11,18,7,0.5862032794897513
11,19,7,0.5718345489823335
11,20,7,0.5831635961215664
11,21,7,0.5754293675857485
11,22,7,0.5824997179837386
11,23,7,0.5762778618478865
11,24,7,0.5835803147174243
11,25,7,0.5768904155569002
11,26,7,0.5910500904944735
11,27,7,0.5765950609756039
11,28,7,0.5879457369403633
11,29,7,0.5770383599028746
11,30,7,0.5868451800371022
11,31,7,0.5784725344524493
11,32,7,0.5862659829885447
11,33,7,0.5814295146820233
11,34,7,0.5887462221552682
11,35,7,0.5808670293741514
11,36,7,0.5872301057850042
11,37,7,0.5809336623491232
11,38,7,0.5912240648148583
11,39,7,0.5810143618818617
11,40,7,0.5919458318863435
11,41,7,0.5817894310596389
11,42,7,0.5900518976872721
11,43,7,0.5817670779077682
11,44,7,0.5892479628206284
11,45,7,0.5837008980897488
11,46,7,0.5898519469734422
11,47,7,0.5842040236288761
11,48,7,0.5907831310623752
11,49,7,0.5843011943906595
11,50,7,0.5911575264940623
11,51,7,0.5841485447522421
11,52,7,0.59347454860421
11,53,7,0.5844219273607649
11,54,7,0.592911380267035
11,55,7,0.5847551483792726
11,56,7,0.5918245859440214
11,57,7,0.585064469357194
11,58,7,0.5913526501158592
11,59,7,0.5864349588973611
11,60,7,0.5920837145299752
11,61,7,0.5862548292508859
12,12,7,0.5640086349977327
12,13,7,0.5699736216046477
12,14,7,0.5664751829696535
12,15,7,0.5838359256842913
12,16,7,0.5679222642837816
12,17,7,0.5844413886647861
12,18,7,0.5692071140592215
12,19,7,0.5851573727547763
12,20,7,0.5726162894885024
12,21,7,0.5823817724502323
12,22,7,0.5754257955958174
12,23,7,0.5821510260597884
12,24,7,0.5757902338478508
12,25,7,0.5841539768299642
12,26,7,0.5765141645710625
12,27,7,0.589371797703894
12,28,7,0.5763906024916251
12,29,7,0.5864168629884644
12,30,7,0.5767151495504307
12,31,7,0.5853790275704513
12,32,7,0.5787717939352675
12,33,7,0.5857274154002188
12,34,7,0.5807696282351982
12,35,7,0.5877587692711239
12,36,7,0.5803966017384193
12,37,7,0.5876511741890427
12,38,7,0.5803032477090079
12,39,7,0.5908587914433651
12,40,7,0.5805067320059958
12,41,7,0.5897996702537698
12,42,7,0.5812336485564249
12,43,7,0.5885247654858412
12,44,7,0.581359229574802
12,45,7,0.5881659523190169
12,46,7,0.5833529869260177
12,47,7,0.5892203290011895
12,48,7,0.5830950179144777
12,49,7,0.5899763290453779
12,50,7,0.5836280455228352
12,51,7,0.5916469663349212
12,52,7,0.5835994188754414
12,53,7,0.5928082184877959
12,54,7,0.5838877125631929
12,55,7,0.5906452981664259
12,56,7,0.5841269767751649
12,57,7,0.5902655485740568
12,58,7,0.5847647539099935
12,59,7,0.5904843305199958
12,60,7,0.5858404200218476
12,61,7,0.5913707815340036
13,13,7,0.5662391082025392
13,14,7,0.5703123784059412
13,15,7,0.5678882314623177
13,16,7,0.5837282593257823
13,17,7,0.5690603925601414
13,18,7,0.5830626459053729
13,19,7,0.5699325305408683
13,20,7,0.5840334299074955
13,21,7,0.5731668069502236
13,22,7,0.5817144039871782
13,23,7,0.5753254122028757
13,24,7,0.5813017964948347
13,25,7,0.5756986750623152
13,26,7,0.5849615567488472
13,27,7,0.5762856192350778
13,28,7,0.5878850470846058
13,29,7,0.5762325110155733
13,30,7,0.5852218198452666
13,31,7,0.576349383391234
13,32,7,0.5841369970807662
13,33,7,0.5788330829505954
13,34,7,0.5852465030811663
13,35,7,0.5800620704924009
13,36,7,0.586958078230023
13,37,7,0.5799027254901834
13,38,7,0.5878797023413134
13,39,7,0.5796833970477057
13,40,7,0.5900567603151148
13,41,7,0.5802021157945415
13,42,7,0.5878844996739468
13,43,7,0.580739092068012
13,44,7,0.5871416665733451
13,45,7,0.5814389380879725
13,46,7,0.5874114250339995
13,47,7,0.582788895649994
13,48,7,0.5888149166668724
13,49,7,0.5821691159793841
13,50,7,0.5891101089239702
13,51,7,0.5830547225711575
13,52,7,0.5912193956192668
13,53,7,0.5830515623298179
13,54,7,0.5913983651916821
13,55,7,0.5834680282227488
13,56,7,0.5898206079197352
13,57,7,0.5834636929473352
13,58,7,0.5892326770096452
13,59,7,0.5845782688541934
13,60,7,0.5899003861446968
13,61,7,0.584969170272778
14,14,7,0.5678025741117232
14,15,7,0.5707755707859468
14,16,7,0.5690967366277507
14,17,7,0.583425574456615
14,18,7,0.5698559868507095
14,19,7,0.58238986492299
14,20,7,0.5704362090496268
14,21,7,0.5826622157612692
14,22,7,0.5735455948524376
14,23,7,0.5815341558344962
14,24,7,0.5751600113936763
14,25,7,0.580678148617901
14,26,7,0.5755932415178993
14,27,7,0.5850894696056377
14,28,7,0.576131438327435
14,29,7,0.5865166699429117
14,30,7,0.5760136107265246
14,31,7,0.5842257372902422
14,32,7,0.5761839839049218
14,33,7,0.5834110631568954
14,34,7,0.5787434626798649
14,35,7,0.5851439640717975
14,36,7,0.5793555265540943
14,37,7,0.5859328459251112
14,38,7,0.5794301883009916
14,39,7,0.5879290153094653
14,40,7,0.5792973669017831
14,41,7,0.5887371366667009
14,42,7,0.5799893572158975
14,43,7,0.5869163143682984
14,44,7,0.5801494395236139
14,45,7,0.586462307496143
14,46,7,0.5814042071652388
14,47,7,0.5871673426957983
14,48,7,0.5820780888879823
14,49,7,0.588466933103621
14,50,7,0.5818313274636182
14,51,7,0.5897747452885475
14,52,7,0.582575374261827
14,53,7,0.5907348203618032
14,54,7,0.5826038137066161
14,55,7,0.5896955506465764
14,56,7,0.5830870745113772
14,57,7,0.5889551563994309
14,58,7,0.5832964057566992
14,59,7,0.5889011870129284
14,60,7,0.5842116936690632
14,61,7,0.5896723116069622
15,15,7,0.5689775425874177
15,16,7,0.5710469407934753
15,17,7,0.5698287479432225
15,18,7,0.5830018035847798
15,19,7,0.5703753176837025
15,20,7,0.5822110491419875
15,21,7,0.5707636357401789
15,22,7,0.5812355123928573
15,23,7,0.5737945939572583
15,24,7,0.5811153675802994
15,25,7,0.5749508087618396
15,26,7,0.5810120860456192
15,27,7,0.5755339502400779
15,28,7,0.5849080080261584
15,29,7,0.5759867515308906
15,30,7,0.5851340712818485
15,31,7,0.57575128686758
15,32,7,0.5835125291998629
15,33,7,0.5762095618935673
15,34,7,0.5831287360536707
15,35,7,0.5785512338485818
15,36,7,0.5849385927683276
15,37,7,0.5786377921398353
15,38,7,0.5855310350685505
15,39,7,0.5790754699426152
15,40,7,0.5878458432089027
15,41,7,0.5790487703098366
15,42,7,0.5874048342360996
15,43,7,0.5796915431636489
15,44,7,0.5863882480666579
15,45,7,0.5799969941807473
15,46,7,0.5860808399124494
15,47,7,0.5812127302285682
15,48,7,0.5870102558765927
15,49,7,0.5813400499960586
15,50,7,0.5877655553810557
15,51,7,0.5815177430121932
15,52,7,0.5893262562570655
15,53,7,0.5820173276545203
15,54,7,0.5900105698424062
15,55,7,0.5823359936295889
15,56,7,0.5883638716708546
15,57,7,0.5826408373710537
15,58,7,0.5884195300302426
15,59,7,0.5831223400682172
15,60,7,0.5885738483750249
15,61,7,0.5836765977883899
16,16,7,0.5697799619071895
16,17,7,0.5711354361732535
16,18,7,0.5703872543949011
16,19,7,0.58250405324598
16,20,7,0.5707288517801901
16,21,7,0.5815974594199071
16,22,7,0.5709895064755584
16,23,7,0.5803270993586354
16,24,7,0.5739391017553822
16,25,7,0.5803761852147342
16,26,7,0.574721767566166
16,27,7,0.5810639192533322
16,28,7,0.5755110840227607
16,29,7,0.5845321845831348
16,30,7,0.5757822755646232
16,31,7,0.5837446020866335
16,32,7,0.5757668111692804
16,33,7,0.5829829744125434
16,34,7,0.5762124221695446
16,35,7,0.5829236833539061
16,36,7,0.5782651856998788
16,37,7,0.5842920352116957
16,38,7,0.5779295511407687
16,39,7,0.5857551004738191
16,40,7,0.5788109127060128
16,41,7,0.5873353465194485
16,42,7,0.57885300752542
16,43,7,0.5860027964130109
16,44,7,0.5791826295598878
16,45,7,0.5858300889162631
16,46,7,0.5799566894941723
16,47,7,0.5857732546945877
16,48,7,0.5809044263032423
16,49,7,0.5867628884271338
16,50,7,0.5807042006984905
16,51,7,0.5871283735380143
16,52,7,0.5812386079838507
16,53,7,0.5889661236764152
16,54,7,0.5816494398515679
16,55,7,0.5888709372893041
16,56,7,0.5820709962408389
16,57,7,0.588049802380495
16,58,7,0.5823124231052963
16,59,7,0.5879773964818323
16,60,7,0.5829271167841209
16,61,7,0.5883122446833964
17,17,7,0.5703324802988071
17,18,7,0.571206844064812
17,19,7,0.5707160808763491
17,20,7,0.5819655953630223
17,21,7,0.5709636664469657
17,22,7,0.5813006580963617
17,23,7,0.5714960650810036
17,24,7,0.5800796824115078
17,25,7,0.574003108269631
17,26,7,0.5804191973374565
17,27,7,0.5744891394764499
17,28,7,0.5807888978810105
17,29,7,0.5755096024494368
17,30,7,0.5839762351989531
17,31,7,0.5755248242083857
17,32,7,0.5826579568998452
17,33,7,0.575819239856965
17,34,7,0.5828087968488984
17,35,7,0.5760942158899724
17,36,7,0.5826571909546356
17,37,7,0.5779032176352916
17,38,7,0.5837398959122225
17,39,7,0.5777702968278388
17,40,7,0.585818965522575
17,41,7,0.5786371405427659
17,42,7,0.5865779229313542
17,43,7,0.5785493600716128
17,44,7,0.5855314554694833
17,45,7,0.5792177304215838
17,46,7,0.5854140264715917
17,47,7,0.5799362276095634
17,48,7,0.5855751428666682
17,49,7,0.5804793858041712
17,50,7,0.5861389936865364
17,51,7,0.5805815214710025
17,52,7,0.5877177914520254
17,53,7,0.5810243300252249
17,54,7,0.5886465241603185
17,55,7,0.5814432720944845
17,56,7,0.5876058446799569
17,57,7,0.5816194013467262
17,58,7,0.5877603914751529
17,59,7,0.5823145520791022
17,60,7,0.5876423745446804
17,61,7,0.5826198703600219
18,18,7,0.570691531887566
18,19,7,0.5712941651552071
18,20,7,0.5709655536477778
18,21,7,0.5814107528649339
18,22,7,0.5711273799825476
18,23,7,0.5813393337712696
18,24,7,0.5719089018677211
18,25,7,0.5796932917143227
18,26,7,0.5740084185202323
18,27,7,0.5808978528032883
18,28,7,0.5742610759141625
18,29,7,0.5803003138743095
18,30,7,0.5754416658346497
18,31,7,0.5833029830920506
18,32,7,0.575622712404984
18,33,7,0.5823247869453161
18,34,7,0.575806873866954
18,35,7,0.5825603648593393
18,36,7,0.5762399672549955
18,37,7,0.5821629391255981
18,38,7,0.577497374902447
18,39,7,0.5843661941003694
18,40,7,0.5776270597185674
18,41,7,0.5857608791866751
18,42,7,0.5783739560129918
18,43,7,0.5856860859676408
18,44,7,0.5782129698094887
18,45,7,0.5852138555188734
18,46,7,0.5793121783241711
18,47,7,0.5849269384582348
18,48,7,0.5798467945373058
18,49,7,0.5852187604655656
18,50,7,0.5800710821776942
18,51,7,0.5861947633763996
18,52,7,0.5804270668190902
18,53,7,0.5878221491380343
18,54,7,0.5808064614955775
18,55,7,0.5879473437431496
18,56,7,0.5810975730454606
18,57,7,0.5874460004085789
18,58,7,0.5816388120783865
18,59,7,0.5873561785711459
18,60,7,0.5822297940022678
18,61,7,0.5872375651992768
19,19,7,0.570940982954009
19,20,7,0.5713446706088585
19,21,7,0.5711216685101328
19,22,7,0.5808552785487497
19,23,7,0.5712314750464256
19,24,7,0.5812458969823568
19,25,7,0.572231943871178
19,26,7,0.5792390464606467
19,27,7,0.5739711097103546
19,28,7,0.5810598665825701
19,29,7,0.5740807923585673
19,30,7,0.5802096706404138
19,31,7,0.5753132345435242
19,32,7,0.5825479326862043
19,33,7,0.5757048322748912
19,34,7,0.5819941286537854
19,35,7,0.5757051279009895
19,36,7,0.5821405449209236
19,37,7,0.5762789511238602
19,38,7,0.5818648128116843
19,39,7,0.5770724805103312
19,40,7,0.5846023058255861
19,41,7,0.5774670385597883
19,42,7,0.5854158230556477
19,43,7,0.5780403386740768
19,44,7,0.5847650024489364
19,45,7,0.5783461842275723
19,46,7,0.5848865484371213
19,47,7,0.579213607356889
19,48,7,0.584567953264725
19,49,7,0.5796491194974623
19,50,7,0.5847509038263057
19,51,7,0.5800690119343387
19,52,7,0.5868226189734556
19,53,7,0.5802335919147269
19,54,7,0.5873373997721032
19,55,7,0.5805863815005585
19,56,7,0.5870128016219205
19,57,7,0.5808953375503646
19,58,7,0.5873128351474578
19,59,7,0.5817214032623248
19,60,7,0.5870021712152041
19,61,7,0.581918158077249
20,20,7,0.5711103881454271
20,21,7,0.5713763903296699
20,22,7,0.5712301199157792
20,23,7,0.5803095967272268
20,24,7,0.5713000840488258
20,25,7,0.5810250460799011
20,26,7,0.5724800979502576
20,27,7,0.5794579756656039
20,28,7,0.5739033216025041
20,29,7,0.5808287272613459
20,30,7,0.574141781268735
20,31,7,0.58041425522215
20,32,7,0.575156331306657
20,33,7,0.5817665239557663
20,34,7,0.5757102006302736
20,35,7,0.5818160313055516
20,36,7,0.5755101561187014
20,37,7,0.5815460015612567
20,38,7,0.5762307298118305
20,39,7,0.5823747595881177
20,40,7,0.5768130565150715
20,41,7,0.5843193132877965
20,42,7,0.577344013727507
20,43,7,0.5849578450003311
20,44,7,0.5781015212690053
20,45,7,0.5846670226633598
20,46,7,0.578403647836233
20,47,7,0.5844593327272221
20,48,7,0.5789738676098029
20,49,7,0.5840859907334703
20,50,7,0.5793634945690664
20,51,7,0.5846334566319258
20,52,7,0.5800163670708312
20,53,7,0.5869521337226137
20,54,7,0.5800267710015355
20,55,7,0.5865138472097172
20,56,7,0.5802063045713582
20,57,7,0.5859995695428966
20,58,7,0.5810228938528518
20,59,7,0.5870608510583979
20,60,7,0.5816186026000602
20,61,7,0.5864996733494456
21,21,7,0.5712197758817289
21,22,7,0.5713942916592939
21,23,7,0.5712980370163424
21,24,7,0.5797814202038457
21,25,7,0.5713463767225476
21,26,7,0.5807015504125783
21,27,7,0.5726666007261139
21,28,7,0.5798665780502235
21,29,7,0.5738151593867259
21,30,7,0.5803647856840121
21,31,7,0.5741909183206171
21,32,7,0.5804347162317326
21,33,7,0.5751223110411725
21,34,7,0.5809902155898545
21,35,7,0.575602972463242
21,36,7,0.5818431935921553
21,37,7,0.57529059516199
21,38,7,0.5817095745426876
21,39,7,0.576113663189705
21,40,7,0.5827013919074859
21,41,7,0.5767598111585168
21,42,7,0.5837110770307405
21,43,7,0.5771978091849596
21,44,7,0.5843761603819209
21,45,7,0.5782564829142921
21,46,7,0.5846647566818188
21,47,7,0.5783432042363927
21,48,7,0.5840367657104714
21,49,7,0.5786396919494328
21,50,7,0.5837358053934236
21,51,7,0.579014075868203
21,52,7,0.5850002850328558
21,53,7,0.5799279724483148
21,54,7,0.5867205224810008
21,55,7,0.5797907755486975
21,56,7,0.5860017951392456
21,57,7,0.580170162491267
21,58,7,0.5853695446107371
21,59,7,0.5810196707298791
21,60,7,0.5868697483296224
21,61,7,0.581396507216839
22,22,7,0.5712929413298137
22,23,7,0.5716546297272501
22,24,7,0.5713444662908067
22,25,7,0.5792760908883605
22,26,7,0.5713743056691134
22,27,7,0.5803180615922854
22,28,7,0.5728025861715356
22,29,7,0.5799473143418366
22,30,7,0.5737145832101012
22,31,7,0.5798133159958508
22,32,7,0.5742201000750009
22,33,7,0.580316078153223
22,34,7,0.5752017864284975
22,35,7,0.5807001844757365
22,36,7,0.575421227900466
22,37,7,0.5814974481241326
22,38,7,0.575148892087133
22,39,7,0.5819848208441036
22,40,7,0.5759469538548998
22,41,7,0.582631530929131
22,42,7,0.5767195885147589
22,43,7,0.5830403620532507
22,44,7,0.5770455277318004
22,45,7,0.5836907774436358
22,46,7,0.5783104935078609
22,47,7,0.584359565015635
22,48,7,0.5781311504451635
22,49,7,0.5836796644688933
22,50,7,0.5783097694650807
22,51,7,0.5836172399352649
22,52,7,0.5786136484416898
22,53,7,0.5850242033118107
22,54,7,0.5797620715912111
22,55,7,0.5861257185954205
22,56,7,0.5795207124731477
22,57,7,0.5853674196975929
22,58,7,0.5802949936397686
22,59,7,0.5853068643236861
22,60,7,0.5808826882132463
22,61,7,0.5862352871473298
23,23,7,0.5713410661431807
23,24,7,0.5721181537003447
23,25,7,0.5713728181787278
23,26,7,0.5787966668510001
23,27,7,0.5713950143259148
23,28,7,0.5798898470207648
23,29,7,0.572897181145349
23,30,7,0.5797472875436779
23,31,7,0.5736074016344552
23,32,7,0.5793824077606591
23,33,7,0.5742264371285911
23,34,7,0.5800903573900225
23,35,7,0.5751640286332271
23,36,7,0.580728811861211
23,37,7,0.575208058489767
23,38,7,0.5812514608768655
23,39,7,0.5750965004378249
23,40,7,0.5820482725293209
23,41,7,0.5757508468564048
23,42,7,0.5822762778640376
23,43,7,0.5767056628292311
23,44,7,0.5826985565235792
23,45,7,0.5768722090284573
23,46,7,0.5829176047963067
23,47,7,0.5781973596193143
23,48,7,0.5839836479771272
23,49,7,0.5778603754429321
23,50,7,0.5833625126538893
23,51,7,0.5781164355249754
23,52,7,0.5838015204128988
23,53,7,0.5783524865865453
23,54,7,0.5848453490819404
23,55,7,0.5795783252533258
23,56,7,0.5854706172174814
23,57,7,0.5794111524774959
23,58,7,0.5846224148754893
23,59,7,0.5803050912390046
23,60,7,0.5852560608491058
23,61,7,0.5806551600756465
24,24,7,0.5713713376843632
24,25,7,0.572507049175291
24,26,7,0.5713936118345243
24,27,7,0.5783446695655832
24,28,7,0.5714066678854597
24,29,7,0.5794577116462795
24,30,7,0.5729581989206063
24,31,7,0.5793946410364064
24,32,7,0.5734978952036824
24,33,7,0.5791291465768684
24,34,7,0.5741991860237957
24,35,7,0.579785064718728
24,36,7,0.5750340570711554
24,37,7,0.5808886318781328
24,38,7,0.5750901178383602
24,39,7,0.5809655105489723
24,40,7,0.5749877486846076
24,41,7,0.5818877467096089
24,42,7,0.5755605806653583
24,43,7,0.5817391425592963
24,44,7,0.5766812643030509
24,45,7,0.5824989524294926
24,46,7,0.5769021587890811
24,47,7,0.5821164709169299
24,48,7,0.5779794223800416
24,49,7,0.583774519758125
24,50,7,0.5775913072822692
24,51,7,0.5829981027478037
24,52,7,0.5779318303277831
24,53,7,0.5836163252011676
24,54,7,0.5783130056275598
24,55,7,0.5843600246194094
24,56,7,0.5794266842919579
24,57,7,0.584911103011429
24,58,7,0.5795889667449851
24,59,7,0.5838824609821696
24,60,7,0.5801531866996809
24,61,7,0.5849212968368348
25,25,7,0.5713929171344057
25,26,7,0.5728315216438946
25,27,7,0.5714054535214146
25,28,7,0.5779206994957541
25,29,7,0.571414784689249
25,30,7,0.5790248221414109
25,31,7,0.5729922390995986
25,32,7,0.5790326563034615
25,33,7,0.5733882902752745
25,34,7,0.5789138345963353
25,35,7,0.5741367802815143
25,36,7,0.5794288962214006
25,37,7,0.5749380257672352
25,38,7,0.5810339591184142
25,39,7,0.5749944615783401
25,40,7,0.5805912458389425
25,41,7,0.5749103820552013
25,42,7,0.5815835426394115
25,43,7,0.5756293188883072
25,44,7,0.5813075793637674
25,45,7,0.5766184454803267
25,46,7,0.5821721269444302
25,47,7,0.5769254068970242
25,48,7,0.5813184573841945
25,49,7,0.5777141735317517
25,50,7,0.5836804697595831
25,51,7,0.5774603169557376
25,52,7,0.5826334056611837
25,53,7,0.5777007350039358
25,54,7,0.583331217981612
25,55,7,0.5783159536983074
25,56,7,0.5838295314778637
25,57,7,0.5792594409827483
25,58,7,0.5844984337679349
25,59,7,0.5796163021336577
25,60,7,0.5837260420212402
25,61,7,0.579924779895493
26,26,7,0.5714053232387513
26,27,7,0.5731004331147854
26,28,7,0.571413958493198
26,29,7,0.5775246544210505
26,30,7,0.5714196646762715
26,31,7,0.5789383302686562
26,32,7,0.5730045519170843
26,33,7,0.578832138850766
26,34,7,0.5732748438554467
26,35,7,0.5786708252986045
26,36,7,0.5740506284461877
26,37,7,0.5790438224896478
26,38,7,0.5749056527154626
26,39,7,0.5810534381434422
26,40,7,0.574893887596759
26,41,7,0.5801703810580606
26,42,7,0.5748474245938859
26,43,7,0.5811899382310617
26,44,7,0.5756929108470066
26,45,7,0.581108624540591
26,46,7,0.5765092723740441
26,47,7,0.5817548353113073
26,48,7,0.5768441951094423
26,49,7,0.5812532526702767
26,50,7,0.577470590877303
26,51,7,0.5834194512906385
26,52,7,0.5773557500134934
26,53,7,0.5824091770925766
26,54,7,0.5775394388890123
26,55,7,0.5829331437495253
26,56,7,0.5783862980864662
26,57,7,0.5835339501846826
26,58,7,0.5790249303094671
26,59,7,0.5841605042905081
26,60,7,0.5795169808354261
26,61,7,0.5836400700511682
27,27,7,0.5714140455450338
27,28,7,0.5733214473070143
27,29,7,0.571419000790988
27,30,7,0.5771558754049836
27,31,7,0.5714311926654376
27,32,7,0.5788744490372725
27,33,7,0.573000155076543
27,34,7,0.5787131977176351
27,35,7,0.573183887667588
27,36,7,0.5783827457401318
27,37,7,0.5740321402201128
27,38,7,0.578646458892695
27,39,7,0.5748585771247049
27,40,7,0.5809293612374624
27,41,7,0.5748072668588735
27,42,7,0.5797299333008298
27,43,7,0.5748490308161366
27,44,7,0.5809109213780728
27,45,7,0.5757547622495686
27,46,7,0.5809496766716092
27,47,7,0.5763597530046478
27,48,7,0.5812760911265132
27,49,7,0.5767716482129609
27,50,7,0.5814683786328222
27,51,7,0.577305238725742
27,52,7,0.58301384858412
27,53,7,0.5772240764251146
27,54,7,0.582190380974594
27,55,7,0.5774868603543476
27,56,7,0.5826064207853061
27,57,7,0.5783972446741007
27,58,7,0.583385215929478
27,59,7,0.5786969769700664
27,60,7,0.5837787864816043
27,61,7,0.5793752463287123
28,28,7,0.5714190935724045
28,29,7,0.573501191495868
28,30,7,0.5714224909080576
28,31,7,0.5768133858165778
28,32,7,0.5715889749771955
28,33,7,0.5786955018099885
28,34,7,0.5729828123614411
28,35,7,0.5786144070101853
28,36,7,0.5730895081141112
28,37,7,0.5784139780293435
28,38,7,0.5741012741908122
28,39,7,0.5782492871572532
28,40,7,0.5747911296916065
28,41,7,0.5807011047245914
28,42,7,0.5748094196725356
28,43,7,0.5792947108638373
28,44,7,0.5748365669853839
28,45,7,0.5807509783726692
28,46,7,0.5757930109469014
28,47,7,0.5807588765375689
28,48,7,0.5761827704185665
28,49,7,0.5812129317477692
28,50,7,0.5767524208011819
28,51,7,0.5816363967052581
28,52,7,0.5771762771225447
28,53,7,0.5824517306774144
28,54,7,0.5770758935386063
28,55,7,0.5820687362797934
28,56,7,0.5774749574027266
28,57,7,0.5824736474694016
28,58,7,0.5783374691507903
28,59,7,0.5832053881612251
28,60,7,0.5783242489861324
28,61,7,0.5836109932774867
29,29,7,0.571422632787102
29,30,7,0.5736453907007882
29,31,7,0.571424702326031
29,32,7,0.576673862796579
29,33,7,0.5714263172747723
29,34,7,0.5785729697258142
29,35,7,0.5729552610994377
29,36,7,0.57848521729759
29,37,7,0.5730524149058565
29,38,7,0.5785109658171557
29,39,7,0.574148555843107
29,40,7,0.578389677788138
29,41,7,0.5746999976737497
29,42,7,0.5804179441748941
29,43,7,0.5748244000740519
29,44,7,0.5792852572806508
29,45,7,0.5748027261370168
29,46,7,0.5806038315970136
29,47,7,0.5758064326278053
29,48,7,0.5805079763743007
29,49,7,0.5759812614211706
29,50,7,0.5813200202066151
29,51,7,0.5767128559962151
29,52,7,0.5816526935832363
29,53,7,0.5770267052818507
29,54,7,0.5818434573501199
29,55,7,0.5770337257920176
29,56,7,0.5819734243145979
29,57,7,0.5774513144662574
29,58,7,0.5823544885865333
29,59,7,0.5781928765430889
29,60,7,0.5829587434360414
29,61,7,0.5782872126502109
30,30,7,0.5714247435798674
30,31,7,0.5737590097785975
30,32,7,0.5714261259941112
30,33,7,0.5766329905898304
30,34,7,0.5718048084996518
30,35,7,0.5785600693071946
30,36,7,0.5729205068786829
30,37,7,0.5782834852412106
30,38,7,0.5730774133991633
30,39,7,0.5785731449615279
30,40,7,0.5741767514356264
30,41,7,0.5785574267941461
30,42,7,0.5746013914577159
30,43,7,0.580090768650153
30,44,7,0.5748307073935155
30,45,7,0.5793148931226508
30,46,7,0.5747453780752867
30,47,7,0.5804199591974768
30,48,7,0.5757951935236985
30,49,7,0.5803805711289443
30,50,7,0.5758136059717944
30,51,7,0.5813026909319998
30,52,7,0.5766868189469962
30,53,7,0.5815421687464452
30,54,7,0.5769147313534244
30,55,7,0.5817416140737016
30,56,7,0.5770519267345995
30,57,7,0.5819110575448112
30,58,7,0.5773767020077363
30,59,7,0.5821459686764866
30,60,7,0.5779952809515645
30,61,7,0.5827533179185588
31,31,7,0.5714261870008197
31,32,7,0.5738458597035387
31,33,7,0.5714270051273269
31,34,7,0.5765542536781125
31,35,7,0.5714276587829671
31,36,7,0.5785667978905799
31,37,7,0.5728807448071188
31,38,7,0.5780075849900197
31,39,7,0.5730876967282836
31,40,7,0.5785508607997474
31,41,7,0.5741945198580681
31,42,7,0.578639530683713
31,43,7,0.5746225876624933
31,44,7,0.5797241243062372
31,45,7,0.5748159287461545
31,46,7,0.579311538843494
31,47,7,0.5746643663285301
31,48,7,0.5801723462353345
31,49,7,0.5757424414872083
31,50,7,0.5805850634907515
31,51,7,0.5758294096103578
31,52,7,0.5811279306315799
31,53,7,0.5766288195985829
31,54,7,0.5813110013314755
31,55,7,0.5769407057558759
31,56,7,0.5818256117300112
31,57,7,0.5770501388977661
31,58,7,0.5818230703306654
31,59,7,0.5772474804148436
31,60,7,0.5818901804898347
31,61,7,0.577774484609872
32,32,7,0.5714270211435275
32,33,7,0.5739108941427793
32,34,7,0.5714275746213722
32,35,7,0.5764560924224393
32,36,7,0.5719856831026726
32,37,7,0.5785436667813882
32,38,7,0.5728360261843004
32,39,7,0.5781140335736605
32,40,7,0.5730841686706084
32,41,7,0.5784366036419553
32,42,7,0.574203045428833
32,43,7,0.5786623752430013
32,44,7,0.574672861966121
32,45,7,0.5793184907090858
32,46,7,0.5747758338306354
32,47,7,0.5793158309663706
32,48,7,0.5747320132844324
32,49,7,0.5798390914627324
32,50,7,0.5756468223449938
32,51,7,0.5807532258559845
32,52,7,0.5758344505326228
32,53,7,0.5808362315002764
32,54,7,0.5765146095848239
32,55,7,0.5810017229628734
32,56,7,0.576982881702549
32,57,7,0.5818223172050621
32,58,7,0.5770061309403303
32,59,7,0.58165553023221
32,60,7,0.5770814781450193
32,61,7,0.5815522520038919
33,33,7,0.5714275988285018
33,34,7,0.5739562726417688
33,35,7,0.5714279384200962
33,36,7,0.5763169637966881
33,37,7,0.5720404549459043
33,38,7,0.5784672106064607
33,39,7,0.5727822740224948
33,40,7,0.5783326891050375
33,41,7,0.5730646100897927
33,42,7,0.578246855341188
33,43,7,0.5742057846451777
33,44,7,0.5786323713629336
33,45,7,0.5747069063729677
33,46,7,0.5788987262778604
33,47,7,0.5747067245614685
33,48,7,0.5792511180259974
33,49,7,0.5747703704291773
33,50,7,0.5799923464558459
33,51,7,0.5755181227700249
33,52,7,0.5807759307161982
33,53,7,0.5758116021821
33,54,7,0.5804795179463933
33,55,7,0.5764022883096668
33,56,7,0.5806320656912664
33,57,7,0.5770052177554654
33,58,7,0.5817372663358801
33,59,7,0.5769076209812736
33,60,7,0.5813752306187528
33,61,7,0.5769900158004653
34,34,7,0.5714279380250082
34,35,7,0.5739853253097639
34,36,7,0.5714281686514715
34,37,7,0.576188063276893
34,38,7,0.5720847057585886
34,39,7,0.5783458498905991
34,40,7,0.5727453827087544
34,41,7,0.5784604800920748
34,42,7,0.5730344662855149
34,43,7,0.5780053662594308
34,44,7,0.5741836347505928
34,45,7,0.5785458910561795
34,46,7,0.5747119386782404
34,47,7,0.5787024142682179
34,48,7,0.5746182982678735
34,49,7,0.579188666941406
34,50,7,0.5747720314998358
34,51,7,0.5802304212305534
34,52,7,0.5753671959597568
34,53,7,0.5806431745752939
34,54,7,0.5757903194821798
34,55,7,0.5800959955375062
34,56,7,0.5765124826180106
34,57,7,0.580650288462043
34,58,7,0.5769776220602747
34,59,7,0.5815637205638866
34,60,7,0.5767702254185161
34,61,7,0.581136876544225
35,35,7,0.5714281803861173
35,36,7,0.574000058447771
35,37,7,0.571428318198197
35,38,7,0.5760750204706416
35,39,7,0.572119281682494
35,40,7,0.5781844777097488
35,41,7,0.5719919400931626
35,42,7,0.5784742236067695
35,43,7,0.5729932211760657
35,44,7,0.5777424246197972
35,45,7,0.574160457391144
35,46,7,0.5783989329036681
35,47,7,0.5746819514906305
35,48,7,0.5787297597638339
35,49,7,0.5745239172652782
35,50,7,0.5790412769317672
35,51,7,0.5747629601128351
35,52,7,0.5803741540779079
35,53,7,0.575229423855026
35,54,7,0.580406157092517
35,55,7,0.5757792637826732
35,56,7,0.5799485034516336
35,57,7,0.5766021911619148
35,58,7,0.580696410913151
35,59,7,0.5768926939913064
35,60,7,0.5814292658130404
35,61,7,0.5766178134522619
36,36,7,0.5714283113007966
36,37,7,0.5740029162998947
36,38,7,0.5714283994229241
36,39,7,0.5759535619899696
36,40,7,0.5714284708327587
36,41,7,0.5780115518570877
36,42,7,0.5720441181102314
36,43,7,0.57839087003056
36,44,7,0.5729581020123513
36,45,7,0.5775400439651216
36,46,7,0.5741113434885688
36,47,7,0.5782125168527674
36,48,7,0.5746199068976676
36,49,7,0.5787900001057358
36,50,7,0.5744451170660373
36,51,7,0.5788693827848521
36,52,7,0.5747129085309993
36,53,7,0.5803816523761454
36,54,7,0.5752762671163294
36,55,7,0.5801088511998153
36,56,7,0.5757407015055733
36,57,7,0.5798182369598004
36,58,7,0.5766404460973622
36,59,7,0.580645667895429
36,60,7,0.5767662618576745
36,61,7,0.5812988208975776
37,37,7,0.5714284147098814
37,38,7,0.5739954806724897
37,39,7,0.5714284684502534
37,40,7,0.5758514977286454
37,41,7,0.5721584608632972
37,42,7,0.5778386451234006
37,43,7,0.572076419850175
37,44,7,0.5782391358796101
37,45,7,0.5729160935337015
37,46,7,0.5774236436888723
37,47,7,0.5740801072916984
37,48,7,0.5780074880747748
37,49,7,0.574537756293133
37,50,7,0.5788598503533825
37,51,7,0.5743889999074397
37,52,7,0.5786884501164892
37,53,7,0.5746685858811147
37,54,7,0.5802750831379198
37,55,7,0.5753016277241794
37,56,7,0.5798081906763639
37,57,7,0.575686155594158
37,58,7,0.5796206772868076
37,59,7,0.5766194629787329
37,60,7,0.5806228379364946
37,61,7,0.5766169554343537
38,38,7,0.5714284698673973
38,39,7,0.5739795605662885
38,40,7,0.5714285061544193
38,41,7,0.5757599260499466
38,42,7,0.571463712924392
38,43,7,0.5777636572609488
38,44,7,0.5721108572263706
38,45,7,0.578034852375233
38,46,7,0.5728762241584597
38,47,7,0.577302089632371
38,48,7,0.5740912358206897
38,49,7,0.5777848943424243
38,50,7,0.5744663164745478
38,51,7,0.5788830372067164
38,52,7,0.574347156782826
38,53,7,0.5788274416144936
38,54,7,0.5746388214234837
38,55,7,0.5800820622237338
38,56,7,0.575310858014271
38,57,7,0.579622387573606
38,58,7,0.57559451566419
38,59,7,0.5793665331369091
38,60,7,0.5765504711217795
38,61,7,0.5806683777548536
39,39,7,0.5714285084771251
39,40,7,0.5739563615914856
39,41,7,0.5714285303117046
39,42,7,0.5755800846029073
39,43,7,0.5721766479526428
39,44,7,0.5778660921736996
39,45,7,0.572527154605316
39,46,7,0.57782309656005
39,47,7,0.5729535887204017
39,48,7,0.5771724030601842
39,49,7,0.5740810021859032
39,50,7,0.5776472375794157
39,51,7,0.574427131072988
39,52,7,0.5788480872414906
39,53,7,0.5743134391602418
39,54,7,0.5789157864830441
39,55,7,0.5746750290966385
39,56,7,0.5798383750842705
39,57,7,0.5753109684174434
39,58,7,0.579477783830302
39,59,7,0.5755611850648361
39,60,7,0.5792540926612791
39,61,7,0.5764509563995155
40,40,7,0.5714285295799371
40,41,7,0.5739272224958988
40,42,7,0.57142854182907
40,43,7,0.5754388641572925
40,44,7,0.5721770687239806
40,45,7,0.5778834674386758
40,46,7,0.57248684078566
40,47,7,0.5777141438368235
40,48,7,0.5730082846646584
40,49,7,0.5771321994165693
40,50,7,0.5740947923160242
40,51,7,0.577838159294233
40,52,7,0.5743890836018368
40,53,7,0.5787569481411802
40,54,7,0.5742982152906351
40,55,7,0.5789419918373439
40,56,7,0.5747096662377397
40,57,7,0.5796284396534928
40,58,7,0.5752800403829871
40,59,7,0.5793403685597031
40,60,7,0.5755608944094458
40,61,7,0.5792665644154977
41,41,7,0.5714285462732256
41,42,7,0.5738930842368619
41,43,7,0.571428554935398
41,44,7,0.5754536661479791
41,45,7,0.5721744223839402
41,46,7,0.5778182966529413
41,47,7,0.5721495232870892
41,48,7,0.5776429942253483
41,49,7,0.573048991892576
41,50,7,0.5771749641002302
41,51,7,0.5741158109861533
41,52,7,0.5780122827154293
41,53,7,0.5743446825312217
41,54,7,0.5786387114957187
41,55,7,0.5742938013251909
41,56,7,0.578939302249746
41,57,7,0.5747473489291288
41,58,7,0.5795031149021195
41,59,7,0.5752424241425741
41,60,7,0.5791770272511362
41,61,7,0.5755683377864775
42,42,7,0.5714285549060635
42,43,7,0.5738549247076121
42,44,7,0.5714285590888619
42,45,7,0.5754620875564208
42,46,7,0.5721682932237291
42,47,7,0.5777482139470288
42,48,7,0.5721381560795624
42,49,7,0.5775564905931446
42,50,7,0.5730716548529117
42,51,7,0.5772122790892609
42,52,7,0.5741295301026293
42,53,7,0.5781238971249124
42,54,7,0.5743084322558751
42,55,7,0.5785090705583751
42,56,7,0.574286800989402
42,57,7,0.5789145769626483
42,58,7,0.5747584418340735
42,59,7,0.5793888751253493
42,60,7,0.5752051321909333
42,61,7,0.5791916941585953
43,43,7,0.5714285613085068
43,44,7,0.5738134771554284
43,45,7,0.5714285647219816
43,46,7,0.5754831505650411
43,47,7,0.572160200568877
43,48,7,0.577684932602297
43,49,7,0.5721695070548808
43,50,7,0.5774218003221274
43,51,7,0.5730806223878147
43,52,7,0.5772236745670077
43,53,7,0.5741595001844937
43,54,7,0.578161705375794
43,55,7,0.5743217811890573
43,56,7,0.578367421727264
43,57,7,0.5742715467420877
43,58,7,0.5789027852482775
43,59,7,0.5747638252457088
43,60,7,0.5792590585948867
43,61,7,0.5751464266486602
44,44,7,0.5714285629070162
44,45,7,0.5737694713579774
44,46,7,0.5714285664613142
44,47,7,0.5755054810440575
44,48,7,0.5721498410929203
44,49,7,0.5776649725565043
44,50,7,0.572359038171224
44,51,7,0.5772395300833992
44,52,7,0.5730774328335483
44,53,7,0.5771967642868989
44,54,7,0.5741682348586507
44,55,7,0.5781385913405147
44,56,7,0.574339246955854
44,57,7,0.5782011129819506
44,58,7,0.5742447857604573
44,59,7,0.5788840849542833
44,60,7,0.5747732187905391
44,61,7,0.5790666124539732
45,45,7,0.5714285673927229
45,46,7,0.5737234482279738
45,47,7,0.5714285687806027
45,48,7,0.5755302247153252
45,49,7,0.5721378991540855
45,50,7,0.5776508894363062
45,51,7,0.5723452431106779
45,52,7,0.5772522061828009
45,53,7,0.5730748466213622
45,54,7,0.5771269079537071
45,55,7,0.5741557296086481
45,56,7,0.5781057853527825
45,57,7,0.5743526183223018
45,58,7,0.578005741468429
45,59,7,0.574205469448517
45,60,7,0.5788444192854506
45,61,7,0.5747813533536451
46,46,7,0.5714285681885289
46,47,7,0.5736759101079024
46,48,7,0.5714285693454317
46,49,7,0.5755403105423011
46,50,7,0.5721247894048849
46,51,7,0.5776321125917341
46,52,7,0.5723246470757578
46,53,7,0.5773522765287857
46,54,7,0.5730552331526615
46,55,7,0.5770173920612489
46,56,7,0.5741230563296749
46,57,7,0.5780688827682773
46,58,7,0.5743548294081875
46,59,7,0.5777833287779353
46,60,7,0.5741561315470333
46,61,7,0.5787644561049758
47,47,7,0.5714285696150069
47,48,7,0.5736274415660985
47,49,7,0.5714285702733187
47,50,7,0.5755231414790223
47,51,7,0.57211085399419
47,52,7,0.5775715280984912
47,53,7,0.5723089301858448
47,54,7,0.5774198365656587
47,55,7,0.5730403780012893
47,56,7,0.5768733562086217
47,57,7,0.5740832901961765
47,58,7,0.5780219889764856
47,59,7,0.574341109480534
47,60,7,0.5775500885778425
47,61,7,0.5741017772975539
48,48,7,0.5714285699998828
48,49,7,0.5735782041489592
48,50,7,0.5714285704988964
48,51,7,0.5755271618208071
48,52,7,0.5720962692995402
48,53,7,0.5774913898304582
48,54,7,0.5721374350260566
48,55,7,0.5774442988792938
48,56,7,0.5730164229258994
48,57,7,0.5767100976610825
48,58,7,0.5740327532773006
48,59,7,0.5779616461849995
48,60,7,0.5743099250094316
48,61,7,0.5775348857705296
49,49,7,0.5714285704780727
49,50,7,0.5735287737626249
49,51,7,0.5714285708647525
49,52,7,0.5755004447775872
49,53,7,0.5720812855623139
49,54,7,0.5773840725656754
49,55,7,0.5722863791166667
49,56,7,0.5774224079366985
49,57,7,0.5730410360197404
49,58,7,0.5765550902291396
49,59,7,0.574074428655653
49,60,7,0.5778799325753847
49,61,7,0.5742639394078534
50,50,7,0.5714285707599599
50,51,7,0.5734791301040146
50,52,7,0.5714618227242334
50,53,7,0.5754696085938082
50,54,7,0.5720661124671685
50,55,7,0.5772757718981643
50,56,7,0.5722703099929332
50,57,7,0.5773520289143621
50,58,7,0.5730987657444918
50,59,7,0.5764667306057468
50,60,7,0.5741002747742179
50,61,7,0.5777832806901265
51,51,7,0.5714285707843804
51,52,7,0.5734299104207659
51,53,7,0.5714960178519993
51,54,7,0.5754190046554325
51,55,7,0.5720509026126556
51,56,7,0.5771608434374627
51,57,7,0.5716346143263527
51,58,7,0.5772329871866535
51,59,7,0.5731379768307985
51,60,7,0.5763999332737524
51,61,7,0.5741049281410997
52,52,7,0.5714285710979954
52,53,7,0.5733808115978586
52,54,7,0.5715261463352214
52,55,7,0.5753630421725622
52,56,7,0.5720358014910266
52,57,7,0.5770489494356398
52,58,7,0.5722615138922889
52,59,7,0.577077643456745
52,60,7,0.5731709196696421
52,61,7,0.5763339542526724
53,53,7,0.5714285711978656
53,54,7,0.5733326779289845
53,55,7,0.5715526305986006
53,56,7,0.5752763257859246
53,57,7,0.5720209266204851
53,58,7,0.5770802821699066
53,59,7,0.572280148705625
53,60,7,0.5769566197289234
53,61,7,0.5731888695262636
54,54,7,0.5714285713308783
54,55,7,0.5732851716326236
54,56,7,0.5715758131596846
54,57,7,0.5752317936765663
54,58,7,0.5720063734020635
54,59,7,0.5771007155967786
54,60,7,0.5722805971208549
54,61,7,0.576876079044856
55,55,7,0.5714285713638318
55,56,7,0.5732385917475823
55,57,7,0.5715960888967128
55,58,7,0.575143702375896
55,59,7,0.5719922315911055
55,60,7,0.5770709339312663
55,61,7,0.5721779740978092
56,56,7,0.5714297836664606
56,57,7,0.5731923386566209
56,58,7,0.57161370776939
56,59,7,0.5750687261063553
56,60,7,0.5719785689192495
56,61,7,0.5769921486381986
57,57,7,0.5714285713890699
57,58,7,0.5731480838238464
57,59,7,0.5716288828946338
57,60,7,0.5749864661912495
57,61,7,0.5719654444618076
58,58,7,0.5714285713748822
58,59,7,0.5731280304845345
58,60,7,0.5716420479765467
58,61,7,0.5749624459351536
59,59,7,0.5714285713589586
59,60,7,0.5731492779015135
59,61,7,0.5716532244821295
60,60,7,0.5714285714084262
60,61,7,0.5731651740382044
61,61,7,0.5714285713731706
